"0","# Load all of the packages that you end up using"
"0","# in your analysis in this code chunk."
"0","# Notice that the parameter ""echo"" was set to FALSE for this code chunk."
"0","# This prevents the code from displaying in the knitted HTML output."
"0","# You should set echo=FALSE for all code chunks in your file."
"0","knitr::opts_chunk$set(echo=FALSE, warning=FALSE, message=FALSE)"
"0","library(ggplot2)"
"0","library(grid)"
"0","library(gridExtra)"
"0","library(GGally)"
"0","library(dplyr)"
"0","library(tidyr)"
